-- Clan Wars Risiko map schema and initial seed
-- Generated on 2026-04-12T20:26:24

create table if not exists public.clanwar_factions (
  id text primary key,
  name text not null unique,
  color text not null,
  solid_color text not null,
  glow text not null,
  display_order integer not null,
  created_at timestamptz not null default timezone('utc', now()),
  updated_at timestamptz not null default timezone('utc', now())
);

create table if not exists public.clanwar_territories (
  id text primary key,
  name text not null,
  short_name text not null,
  q integer not null,
  r integer not null,
  points integer not null check (points >= 1),
  bonus text not null,
  capital text,
  created_at timestamptz not null default timezone('utc', now()),
  updated_at timestamptz not null default timezone('utc', now())
);

create unique index if not exists clanwar_territories_axial_idx
  on public.clanwar_territories (q, r);

create table if not exists public.clanwar_territory_control (
  territory_id text primary key references public.clanwar_territories(id) on delete cascade,
  faction_id text not null references public.clanwar_factions(id),
  updated_at timestamptz not null default timezone('utc', now())
);

alter table public.clanwar_factions enable row level security;
alter table public.clanwar_territories enable row level security;
alter table public.clanwar_territory_control enable row level security;

drop policy if exists "Public can read clanwar factions" on public.clanwar_factions;
create policy "Public can read clanwar factions"
  on public.clanwar_factions
  for select
  using (true);

drop policy if exists "Public can read clanwar territories" on public.clanwar_territories;
create policy "Public can read clanwar territories"
  on public.clanwar_territories
  for select
  using (true);

drop policy if exists "Public can read clanwar control" on public.clanwar_territory_control;
create policy "Public can read clanwar control"
  on public.clanwar_territory_control
  for select
  using (true);

insert into public.clanwar_factions (id, name, color, solid_color, glow, display_order)
values
  ('wolves', 'aoeitalia', 'rgb(210, 72, 72)', 'rgb(210, 72, 72)', 'rgba(210,72,72,0.34)', 1),
  ('lions', 'discord dei pezzenti', 'rgb(72, 166, 96)', 'rgb(72, 166, 96)', 'rgba(72,166,96,0.34)', 2),
  ('ravens', 'bimbe di kasiya', 'rgb(72, 112, 210)', 'rgb(72, 112, 210)', 'rgba(72,112,210,0.34)', 3),
  ('trawlers', 'la pescheria di taffuz', 'rgb(214, 158, 68)', 'rgb(214, 158, 68)', 'rgba(214,158,68,0.34)', 4),
  ('neutral', 'amedeoITA', 'rgb(110, 120, 138)', 'rgb(110, 120, 138)', 'rgba(110,120,138,0.18)', 5)
on conflict (id) do update
set
  name = excluded.name,
  color = excluded.color,
  solid_color = excluded.solid_color,
  glow = excluded.glow,
  display_order = excluded.display_order,
  updated_at = timezone('utc', now());

insert into public.clanwar_territories (id, name, short_name, q, r, points, bonus, capital)
values
  ('torino-1', 'Torino', 'TOR', -6, 0, 1, 'Assedio rapido: BO3', null),
  ('vercelli-2', 'Vercelli', 'VER', -6, 1, 1, 'Zona sacra: blind civ pick', null),
  ('novara-3', 'Novara', 'NOV', -6, 2, 1, 'Ban civ: Mongols', null),
  ('cuneo-4', 'Cuneo', 'CUN', -6, 3, 1, 'Mappa fissa: Dry Arabia', null),
  ('asti-5', 'Asti', 'AST', -6, 4, 1, 'Mappa fissa: Four Lakes', null),
  ('alessandria-6', 'Alessandria', 'ALE', -6, 5, 1, 'Assedio rapido: BO3', null),
  ('biella-7', 'Biella', 'BIE', -6, 6, 1, 'Zona sacra: blind civ pick', null),
  ('verbano-cusio-ossola-8', 'Verbano Cusio Ossola', 'VER.CUS', -5, -1, 1, 'Mappa fissa: Lipany', null),
  ('aosta-9', 'Aosta', 'AOS', -5, 0, 2, 'Mappa fissa: Lipany', null),
  ('imperia-10', 'Imperia', 'IMP', -5, 1, 2, 'Bonus difesa +1 veto', null),
  ('savona-11', 'Savona', 'SAV', -5, 2, 2, 'Fortezza: +1 punto dominio', null),
  ('genova-12', 'Genova', 'GEN', -5, 3, 2, 'Ban civ: English', null),
  ('la-spezia-13', 'La Spezia', 'LA.SPE', -5, 4, 2, 'Ban civ: Rus', null),
  ('milano-14', 'Milano', 'MIL', -5, 5, 2, 'Mappa fissa: Lipany', null),
  ('bergamo-15', 'Bergamo', 'BER', -5, 6, 1, 'Bonus difesa +1 veto', null),
  ('brescia-16', 'Brescia', 'BRE', -4, -2, 1, 'Ban civ: Rus', null),
  ('como-17', 'Como', 'COM', -4, -1, 2, 'Ban civ: Rus', null),
  ('torino-18', 'Torino', 'TOR', -4, 0, 3, 'Ban civ: Rus', 'Torino'),
  ('lecco-19', 'Lecco', 'LEC', -4, 1, 2, 'Mappa fissa: Lipany', null),
  ('lodi-20', 'Lodi', 'LOD', -4, 2, 2, 'Bonus difesa +1 veto', null),
  ('mantova-21', 'Mantova', 'MAN', -4, 3, 2, 'Fortezza: +1 punto dominio', null),
  ('monza-brianza-22', 'Monza Brianza', 'MON.BRI', -4, 4, 2, 'Ban civ: English', null),
  ('pavia-23', 'Pavia', 'PAV', -4, 5, 2, 'Ban civ: Rus', null),
  ('sondrio-24', 'Sondrio', 'SON', -4, 6, 1, 'Mappa fissa: Lipany', null),
  ('varese-25', 'Varese', 'VAR', -3, -3, 1, 'Ban civ: Mongols', null),
  ('bolzano-26', 'Bolzano', 'BOL', -3, -2, 2, 'Ban civ: Mongols', null),
  ('trento-27', 'Trento', 'TRE', -3, -1, 2, 'Ban civ: Mongols', null),
  ('verona-28', 'Verona', 'VER', -3, 0, 3, 'Ban civ: Mongols', null),
  ('vicenza-29', 'Vicenza', 'VIC', -3, 1, 3, 'Mappa fissa: Dry Arabia', null),
  ('belluno-30', 'Belluno', 'BEL', -3, 2, 3, 'Mappa fissa: Four Lakes', null),
  ('treviso-31', 'Treviso', 'TRE', -3, 3, 3, 'Assedio rapido: BO3', null),
  ('venezia-32', 'Venezia', 'VEN', -3, 4, 2, 'Zona sacra: blind civ pick', null),
  ('padova-33', 'Padova', 'PAD', -3, 5, 2, 'Ban civ: Mongols', null),
  ('rovigo-34', 'Rovigo', 'ROV', -3, 6, 1, 'Mappa fissa: Dry Arabia', null),
  ('udine-35', 'Udine', 'UDI', -2, -4, 1, 'Ban civ: Mongols', null),
  ('gorizia-36', 'Gorizia', 'GOR', -2, -3, 2, 'Ban civ: Mongols', null),
  ('trieste-37', 'Trieste', 'TRI', -2, -2, 2, 'Ban civ: Mongols', null),
  ('pordenone-38', 'Pordenone', 'POR', -2, -1, 3, 'Ban civ: Mongols', null),
  ('parma-39', 'Parma', 'PAR', -2, 0, 3, 'Ban civ: Mongols', null),
  ('piacenza-40', 'Piacenza', 'PIA', -2, 1, 3, 'Mappa fissa: Dry Arabia', null),
  ('reggio-emilia-41', 'Reggio Emilia', 'REG.EMI', -2, 2, 3, 'Mappa fissa: Four Lakes', null),
  ('modena-42', 'Modena', 'MOD', -2, 3, 3, 'Assedio rapido: BO3', null),
  ('bologna-43', 'Bologna', 'BOL', -2, 4, 2, 'Zona sacra: blind civ pick', null),
  ('ferrara-44', 'Ferrara', 'FER', -2, 5, 2, 'Ban civ: Mongols', null),
  ('ravenna-45', 'Ravenna', 'RAV', -2, 6, 1, 'Mappa fissa: Dry Arabia', null),
  ('forli-cesena-46', 'Forli Cesena', 'FOR.CES', -1, -5, 1, 'Ban civ: Rus', null),
  ('rimini-47', 'Rimini', 'RIM', -1, -4, 2, 'Ban civ: Rus', null),
  ('massa-carrara-48', 'Massa Carrara', 'MAS.CAR', -1, -3, 2, 'Ban civ: Rus', null),
  ('lucca-49', 'Lucca', 'LUC', -1, -2, 3, 'Ban civ: Rus', null),
  ('pistoia-50', 'Pistoia', 'PIS', -1, -1, 3, 'Ban civ: Rus', null),
  ('firenze-51', 'Firenze', 'FIR', -1, 0, 4, 'Ban civ: Rus', null),
  ('livorno-52', 'Livorno', 'LIV', -1, 1, 4, 'Mappa fissa: Lipany', null),
  ('pisa-53', 'Pisa', 'PIS', -1, 2, 3, 'Bonus difesa +1 veto', null),
  ('arezzo-54', 'Arezzo', 'ARE', -1, 3, 3, 'Fortezza: +1 punto dominio', null),
  ('siena-55', 'Siena', 'SIE', -1, 4, 2, 'Ban civ: English', null),
  ('grosseto-56', 'Grosseto', 'GRO', -1, 5, 2, 'Ban civ: Rus', null),
  ('prato-57', 'Prato', 'PRA', -1, 6, 1, 'Mappa fissa: Lipany', null),
  ('perugia-58', 'Perugia', 'PER', 0, -6, 1, 'Mappa fissa: Lipany', null),
  ('terni-59', 'Terni', 'TER', 0, -5, 2, 'Mappa fissa: Lipany', null),
  ('milano-60', 'Milano', 'MIL', 0, -4, 3, 'Mappa fissa: Lipany', 'Milano'),
  ('ancona-61', 'Ancona', 'ANC', 0, -3, 3, 'Mappa fissa: Lipany', null),
  ('macerata-62', 'Macerata', 'MAC', 0, -2, 3, 'Mappa fissa: Lipany', null),
  ('fermo-63', 'Fermo', 'FER', 0, -1, 4, 'Mappa fissa: Lipany', null),
  ('ascoli-piceno-64', 'Ascoli Piceno', 'ASC.PIC', 0, 0, 5, 'Massimi +3 attacco +3 difesa', 'Ascoli Piceno'),
  ('rieti-65', 'Rieti', 'RIE', 0, 1, 4, 'Bonus difesa +1 veto', null),
  ('roma-66', 'Roma', 'ROM', 0, 2, 3, 'Fortezza: +1 punto dominio', null),
  ('latina-67', 'Latina', 'LAT', 0, 3, 3, 'Ban civ: English', null),
  ('napoli-68', 'Napoli', 'NAP', 0, 4, 3, 'Ban civ: Rus', 'Napoli'),
  ('l-aquila-69', 'L Aquila', 'L.AQU', 0, 5, 2, 'Mappa fissa: Lipany', null),
  ('teramo-70', 'Teramo', 'TER', 0, 6, 1, 'Bonus difesa +1 veto', null),
  ('pescara-71', 'Pescara', 'PES', 1, -6, 1, 'Fortezza: +1 punto dominio', null),
  ('chieti-72', 'Chieti', 'CHI', 1, -5, 2, 'Fortezza: +1 punto dominio', null),
  ('campobasso-73', 'Campobasso', 'CAM', 1, -4, 2, 'Fortezza: +1 punto dominio', null),
  ('isernia-74', 'Isernia', 'ISE', 1, -3, 3, 'Fortezza: +1 punto dominio', null),
  ('caserta-75', 'Caserta', 'CAS', 1, -2, 3, 'Fortezza: +1 punto dominio', null),
  ('benevento-76', 'Benevento', 'BEN', 1, -1, 4, 'Fortezza: +1 punto dominio', null),
  ('napoli-77', 'Napoli', 'NAP', 1, 0, 4, 'Fortezza: +1 punto dominio', null),
  ('avellino-78', 'Avellino', 'AVE', 1, 1, 3, 'Ban civ: English', null),
  ('salerno-79', 'Salerno', 'SAL', 1, 2, 3, 'Ban civ: Rus', null),
  ('foggia-80', 'Foggia', 'FOG', 1, 3, 2, 'Mappa fissa: Lipany', null),
  ('barletta-andria-trani-81', 'Barletta Andria Trani', 'BAR.AND', 1, 4, 2, 'Bonus difesa +1 veto', null),
  ('bari-82', 'Bari', 'BAR', 1, 5, 1, 'Fortezza: +1 punto dominio', null),
  ('taranto-83', 'Taranto', 'TAR', 2, -6, 1, 'Ban civ: Mongols', null),
  ('brindisi-84', 'Brindisi', 'BRI', 2, -5, 2, 'Ban civ: Mongols', null),
  ('lecce-85', 'Lecce', 'LEC', 2, -4, 2, 'Ban civ: Mongols', null),
  ('potenza-86', 'Potenza', 'POT', 2, -3, 3, 'Ban civ: Mongols', null),
  ('matera-87', 'Matera', 'MAT', 2, -2, 3, 'Ban civ: Mongols', null),
  ('cosenza-88', 'Cosenza', 'COS', 2, -1, 3, 'Ban civ: Mongols', null),
  ('catanzaro-89', 'Catanzaro', 'CAT', 2, 0, 3, 'Ban civ: Mongols', null),
  ('crotone-90', 'Crotone', 'CRO', 2, 1, 3, 'Mappa fissa: Dry Arabia', null),
  ('vibo-valentia-91', 'Vibo Valentia', 'VIB.VAL', 2, 2, 2, 'Mappa fissa: Four Lakes', null),
  ('reggio-calabria-92', 'Reggio Calabria', 'REG.CAL', 2, 3, 2, 'Assedio rapido: BO3', null),
  ('trapani-93', 'Trapani', 'TRA', 2, 4, 1, 'Zona sacra: blind civ pick', null),
  ('palermo-94', 'Palermo', 'PAL', 3, -6, 1, 'Mappa fissa: Dry Arabia', null),
  ('messina-95', 'Messina', 'MES', 3, -5, 2, 'Mappa fissa: Dry Arabia', null),
  ('agrigento-96', 'Agrigento', 'AGR', 3, -4, 2, 'Mappa fissa: Dry Arabia', null),
  ('caltanissetta-97', 'Caltanissetta', 'CAL', 3, -3, 3, 'Mappa fissa: Dry Arabia', null),
  ('enna-98', 'Enna', 'ENN', 3, -2, 3, 'Mappa fissa: Dry Arabia', null),
  ('catania-99', 'Catania', 'CAT', 3, -1, 3, 'Mappa fissa: Dry Arabia', null),
  ('ragusa-100', 'Ragusa', 'RAG', 3, 0, 3, 'Mappa fissa: Dry Arabia', null),
  ('siracusa-101', 'Siracusa', 'SIR', 3, 1, 2, 'Mappa fissa: Four Lakes', null),
  ('sassari-102', 'Sassari', 'SAS', 3, 2, 2, 'Assedio rapido: BO3', null),
  ('nuoro-103', 'Nuoro', 'NUO', 3, 3, 1, 'Zona sacra: blind civ pick', null),
  ('oristano-104', 'Oristano', 'ORI', 4, -6, 1, 'Mappa fissa: Lipany', null),
  ('cagliari-105', 'Cagliari', 'CAG', 4, -5, 2, 'Mappa fissa: Lipany', null),
  ('sud-sardegna-106', 'Sud Sardegna', 'SUD.SAR', 4, -4, 2, 'Mappa fissa: Lipany', null),
  ('ravenna-bis-107', 'Ravenna Bis', 'RAV.BIS', 4, -3, 2, 'Mappa fissa: Lipany', null),
  ('pisa-bis-108', 'Pisa Bis', 'PIS.BIS', 4, -2, 2, 'Mappa fissa: Lipany', null),
  ('salerno-bis-109', 'Salerno Bis', 'SAL.BIS', 4, -1, 2, 'Mappa fissa: Lipany', null),
  ('venezia-110', 'Venezia', 'VEN', 4, 0, 3, 'Mappa fissa: Lipany', 'Venezia'),
  ('bari-bis-111', 'Bari Bis', 'BAR.BIS', 4, 1, 2, 'Bonus difesa +1 veto', null),
  ('roma-bis-112', 'Roma Bis', 'ROM.BIS', 4, 2, 1, 'Fortezza: +1 punto dominio', null),
  ('torino-bis-113', 'Torino Bis', 'TOR.BIS', 5, -6, 1, 'Mappa fissa: Lipany', null),
  ('milano-bis-114', 'Milano Bis', 'MIL.BIS', 5, -5, 2, 'Mappa fissa: Lipany', null),
  ('catania-bis-115', 'Catania Bis', 'CAT.BIS', 5, -4, 2, 'Mappa fissa: Lipany', null),
  ('genova-bis-116', 'Genova Bis', 'GEN.BIS', 5, -3, 2, 'Mappa fissa: Lipany', null),
  ('perugia-bis-117', 'Perugia Bis', 'PER.BIS', 5, -2, 2, 'Mappa fissa: Lipany', null),
  ('lecce-bis-118', 'Lecce Bis', 'LEC.BIS', 5, -1, 2, 'Mappa fissa: Lipany', null),
  ('padova-bis-119', 'Padova Bis', 'PAD.BIS', 5, 0, 2, 'Mappa fissa: Lipany', null),
  ('trento-bis-120', 'Trento Bis', 'TRE.BIS', 5, 1, 1, 'Bonus difesa +1 veto', null),
  ('firenze-bis-121', 'Firenze Bis', 'FIR.BIS', 6, -6, 1, 'Mappa fissa: Dry Arabia', null),
  ('ancona-bis-122', 'Ancona Bis', 'ANC.BIS', 6, -5, 1, 'Mappa fissa: Dry Arabia', null),
  ('cosenza-bis-123', 'Cosenza Bis', 'COS.BIS', 6, -4, 1, 'Mappa fissa: Dry Arabia', null),
  ('lucca-bis-124', 'Lucca Bis', 'LUC.BIS', 6, -3, 1, 'Mappa fissa: Dry Arabia', null),
  ('siena-bis-125', 'Siena Bis', 'SIE.BIS', 6, -2, 1, 'Mappa fissa: Dry Arabia', null),
  ('prato-bis-126', 'Prato Bis', 'PRA.BIS', 6, -1, 1, 'Mappa fissa: Dry Arabia', null),
  ('udine-bis-127', 'Udine Bis', 'UDI.BIS', 6, 0, 1, 'Mappa fissa: Dry Arabia', null)
on conflict (id) do update
set
  name = excluded.name,
  short_name = excluded.short_name,
  q = excluded.q,
  r = excluded.r,
  points = excluded.points,
  bonus = excluded.bonus,
  capital = excluded.capital,
  updated_at = timezone('utc', now());

insert into public.clanwar_territory_control (territory_id, faction_id)
values
  ('torino-1', 'lions'),
  ('vercelli-2', 'lions'),
  ('novara-3', 'neutral'),
  ('cuneo-4', 'neutral'),
  ('asti-5', 'neutral'),
  ('alessandria-6', 'neutral'),
  ('biella-7', 'neutral'),
  ('verbano-cusio-ossola-8', 'lions'),
  ('aosta-9', 'lions'),
  ('imperia-10', 'lions'),
  ('savona-11', 'neutral'),
  ('genova-12', 'neutral'),
  ('la-spezia-13', 'neutral'),
  ('milano-14', 'neutral'),
  ('bergamo-15', 'neutral'),
  ('brescia-16', 'lions'),
  ('como-17', 'lions'),
  ('torino-18', 'lions'),
  ('lecco-19', 'lions'),
  ('lodi-20', 'neutral'),
  ('mantova-21', 'neutral'),
  ('monza-brianza-22', 'neutral'),
  ('pavia-23', 'neutral'),
  ('sondrio-24', 'neutral'),
  ('varese-25', 'lions'),
  ('bolzano-26', 'lions'),
  ('trento-27', 'lions'),
  ('verona-28', 'lions'),
  ('vicenza-29', 'lions'),
  ('belluno-30', 'neutral'),
  ('treviso-31', 'neutral'),
  ('venezia-32', 'neutral'),
  ('padova-33', 'neutral'),
  ('rovigo-34', 'neutral'),
  ('udine-35', 'lions'),
  ('gorizia-36', 'lions'),
  ('trieste-37', 'lions'),
  ('pordenone-38', 'lions'),
  ('parma-39', 'lions'),
  ('piacenza-40', 'lions'),
  ('reggio-emilia-41', 'neutral'),
  ('modena-42', 'neutral'),
  ('bologna-43', 'neutral'),
  ('ferrara-44', 'neutral'),
  ('ravenna-45', 'wolves'),
  ('forli-cesena-46', 'trawlers'),
  ('rimini-47', 'trawlers'),
  ('massa-carrara-48', 'trawlers'),
  ('lucca-49', 'lions'),
  ('pistoia-50', 'lions'),
  ('firenze-51', 'lions'),
  ('livorno-52', 'neutral'),
  ('pisa-53', 'neutral'),
  ('arezzo-54', 'wolves'),
  ('siena-55', 'wolves'),
  ('grosseto-56', 'wolves'),
  ('prato-57', 'wolves'),
  ('perugia-58', 'trawlers'),
  ('terni-59', 'trawlers'),
  ('milano-60', 'trawlers'),
  ('ancona-61', 'trawlers'),
  ('macerata-62', 'trawlers'),
  ('fermo-63', 'lions'),
  ('ascoli-piceno-64', 'lions'),
  ('rieti-65', 'wolves'),
  ('roma-66', 'wolves'),
  ('latina-67', 'wolves'),
  ('napoli-68', 'wolves'),
  ('l-aquila-69', 'wolves'),
  ('teramo-70', 'wolves'),
  ('pescara-71', 'trawlers'),
  ('chieti-72', 'trawlers'),
  ('campobasso-73', 'trawlers'),
  ('isernia-74', 'trawlers'),
  ('caserta-75', 'trawlers'),
  ('benevento-76', 'lions'),
  ('napoli-77', 'wolves'),
  ('avellino-78', 'wolves'),
  ('salerno-79', 'wolves'),
  ('foggia-80', 'wolves'),
  ('barletta-andria-trani-81', 'wolves'),
  ('bari-82', 'wolves'),
  ('taranto-83', 'trawlers'),
  ('brindisi-84', 'trawlers'),
  ('lecce-85', 'trawlers'),
  ('potenza-86', 'trawlers'),
  ('matera-87', 'trawlers'),
  ('cosenza-88', 'ravens'),
  ('catanzaro-89', 'ravens'),
  ('crotone-90', 'wolves'),
  ('vibo-valentia-91', 'wolves'),
  ('reggio-calabria-92', 'wolves'),
  ('trapani-93', 'wolves'),
  ('palermo-94', 'trawlers'),
  ('messina-95', 'trawlers'),
  ('agrigento-96', 'trawlers'),
  ('caltanissetta-97', 'trawlers'),
  ('enna-98', 'ravens'),
  ('catania-99', 'ravens'),
  ('ragusa-100', 'ravens'),
  ('siracusa-101', 'wolves'),
  ('sassari-102', 'wolves'),
  ('nuoro-103', 'wolves'),
  ('oristano-104', 'trawlers'),
  ('cagliari-105', 'trawlers'),
  ('sud-sardegna-106', 'ravens'),
  ('ravenna-bis-107', 'ravens'),
  ('pisa-bis-108', 'ravens'),
  ('salerno-bis-109', 'ravens'),
  ('venezia-110', 'ravens'),
  ('bari-bis-111', 'ravens'),
  ('roma-bis-112', 'wolves'),
  ('torino-bis-113', 'trawlers'),
  ('milano-bis-114', 'ravens'),
  ('catania-bis-115', 'ravens'),
  ('genova-bis-116', 'ravens'),
  ('perugia-bis-117', 'ravens'),
  ('lecce-bis-118', 'ravens'),
  ('padova-bis-119', 'ravens'),
  ('trento-bis-120', 'ravens'),
  ('firenze-bis-121', 'ravens'),
  ('ancona-bis-122', 'ravens'),
  ('cosenza-bis-123', 'ravens'),
  ('lucca-bis-124', 'ravens'),
  ('siena-bis-125', 'ravens'),
  ('prato-bis-126', 'ravens'),
  ('udine-bis-127', 'ravens')
on conflict (territory_id) do update
set
  faction_id = excluded.faction_id,
  updated_at = timezone('utc', now());
